"Wallet Address","Tier","Tier Deposit Limit (VPND)","Deposited VPND","Wallet Points","Combined Points","VAPE Claimed","VAPE Value (USD)","Original Fee (USD)","Dynamic Fee (USD)","Original ROI (x)","Dynamic ROI (x)","Original Profit/Loss (USD)","Dynamic Profit/Loss (USD)","Original Profitable?","Dynamic Profitable?"
"0xd3dff402b74563b559c620a5c56ad2f048587c1c","9","12,000,000","11,500,000","334,777,864.42","334,339,186.05","1787.4742","286.00","75.00","19.80","3.81","14.44","211.00","266.19","Yes","Yes"
"0xd5c69e00b28034068bceba48a64213e52ef7b1e0","9","12,000,000","7,145,342.69","216,662,395.74","216,244,198.03","1156.8221","185.09","75.00","19.80","2.47","9.35","110.09","165.29","Yes","Yes"
"0x97adf680aaaf803018c0204cf1be1da258cb14ae","9","12,000,000","7,061,878.63","216,422,964.22","216,005,077.82","1155.5438","184.89","75.00","19.80","2.47","9.34","109.89","165.09","Yes","Yes"
"0x7ce921b5ae5afd8063f70b40d44097f6d4c8871f","9","12,000,000","6,975,059.9","211,606,700.02","211,462,432.6","1129.8283","180.77","75.00","19.80","2.41","9.13","105.77","160.97","Yes","Yes"
"0x5d0fce0faea808649c3d4ce3ac9f841b6295e1af","9","12,000,000","5,230,648.57","161,333,616.71","160,897,748.83","861.4061","137.82","75.00","19.80","1.84","6.96","62.82","118.02","Yes","Yes"
"0x957a200dc62e4378ffddc93ae6cfea39601e5831","8","4,500,000","4,500,000","135,315,741.77","234,606,938.3","722.4892","115.60","50.00","13.20","2.31","8.76","65.60","102.40","Yes","Yes"
"0x3a8f7b4324610eead8f6b34f8717e1f18bac4c46","8","4,500,000","4,500,000","135,306,234","135,117,000","722.4385","115.59","50.00","13.20","2.31","8.76","65.59","102.39","Yes","Yes"
"0xd9366e6595ab1a5c137c605a6b90737aa8725f0f","8","4,500,000","3,286,160.72","99,483,206.6","234,606,938.3","531.1691","84.99","50.00","13.20","1.70","6.44","34.99","71.79","Yes","Yes"
"0xb6e87d208c8bf543ca5aedc452a7eafe442fae10","8","4,500,000","2,751,059.48","82,531,784.42","0","440.6607","70.51","50.00","13.20","1.41","5.34","20.51","57.30","Yes","Yes"
"0x11b248f27a753ec44ac2c699445e20d5c7f7aa0a","7","1,800,000","1,799,999","55,187,362.96","55,084,394.17","294.6610","47.15","30.00","7.92","1.57","5.95","17.15","39.22","Yes","Yes"
"0xa15704171245d148206a8f1240eb51cf3dadc368","7","1,800,000","1,800,000","52,200,000","0","278.7106","44.59","30.00","7.92","1.49","5.63","14.59","36.67","Yes","Yes"
"0x81fe73a6fb28c49c14c82fcae2a4fe19f57d150c","7","1,800,000","1,800,000","52,200,000","0","278.7106","44.59","30.00","7.92","1.49","5.63","14.59","36.67","Yes","Yes"
"0x9e4c71b315982ad19d218ca99fa29c1d2f600119","7","1,800,000","1,800,000","50,400,000","50,400,000","269.0999","43.06","30.00","7.92","1.44","5.44","13.06","35.14","Yes","Yes"
"0x8f60fa5a89b9aa01ba6b32ca1641e69ae8d0bafb","7","1,800,000","1,510,628.39","44,322,747.04","44,240,308.93","236.6518","37.86","30.00","7.92","1.26","4.78","7.86","29.94","Yes","Yes"
"0x98a23fca1b642b54a95565503e6662bb814bb824","7","1,800,000","1,800,000","38,477,001.65","54,677,001.65","205.4397","32.87","30.00","7.92","1.10","4.15","2.87","24.95","Yes","Yes"
"0xed5f92f2c2d562f981a13521d421f5a1ff927f59","6","800,000","800,000","24,800,196.73","24,733,183.81","132.4153","21.19","15.00","3.96","1.41","5.35","6.19","17.23","Yes","Yes"
"0x64456ad298f0972daf26aa1d23af93a2962eba0e","6","800,000","800,000","24,656,239.76","24,608,622.51","131.6467","21.06","15.00","3.96","1.40","5.32","6.06","17.10","Yes","Yes"
"0x77847c5da38dc3d385b1753392c0b7ce64536930","6","800,000","800,000","24,655,918.85","24,655,918.85","131.6450","21.06","15.00","3.96","1.40","5.32","6.06","17.10","Yes","Yes"
"0x1a7896295222038d2aeeb8b621d32bd9cb88d4e2","6","800,000","800,000","24,500,905.26","24,453,598.07","130.8173","20.93","15.00","3.96","1.40","5.29","5.93","16.97","Yes","Yes"
"0xf9c9cdf8d95c211188313f7d3ec29128fb900872","6","800,000","800,000","24,020,806.4","24,020,806.4","128.2539","20.52","15.00","3.96","1.37","5.18","5.52","16.56","Yes","Yes"
"0xaf35cde2e2e1e68356f48c013613a3955d5dc6b6","6","800,000","800,000","24,001,600","24,000,000","128.1514","20.50","15.00","3.96","1.37","5.18","5.50","16.54","Yes","Yes"
"0x365c46cfea1855c82f5544d76b5e5fbe2d628985","6","800,000","800,000","24,000,000","24,000,000","128.1428","20.50","15.00","3.96","1.37","5.18","5.50","16.54","Yes","Yes"
"0x379949eb8ee41b121e2b54f990154ac31126c9fe","6","800,000","800,000","23,617,453.74","23,617,453.74","126.1003","20.18","15.00","3.96","1.35","5.09","5.18","16.22","Yes","Yes"
"0x294b3782aef0848f8bb233172cc46eff8b1d3c49","6","800,000","800,000","23,200,000","0","123.8714","19.82","15.00","3.96","1.32","5.00","4.82","15.86","Yes","Yes"
"0xa176c9630f02a71f9fcffe88922ec0d52b428d7d","6","800,000","800,000","22,400,000","0","119.6000","19.14","15.00","3.96","1.28","4.83","4.14","15.18","Yes","Yes"
"0xa70d11752e0b6c2ad026cf60c4114d8c6909df6b","6","800,000","704,432","21,132,960","21,132,960","112.8349","18.05","15.00","3.96","1.20","4.56","3.05","14.09","Yes","Yes"
"0x980ece433b54caa56251d050cb90e706871cec8d","6","800,000","556,318","16,860,848.26","16,829,414.7","90.0249","14.40","15.00","3.96","0.96","3.64","-0.60","10.44","No","Yes"
"0x41845e0384535423b6a3d64c79cf5721bdb87a1f","6","800,000","550,800","16,524,000","0","88.2263","14.12","15.00","3.96","0.94","3.56","-0.88","10.16","No","Yes"
"0x386344dece8caddaa272dc29a866fc7729f4ad8e","6","800,000","520,400","15,612,000","0","83.3569","13.34","15.00","3.96","0.89","3.37","-1.66","9.38","No","Yes"
"0x2a6d8c30e25af6d6f0c5dcc1455352c0c8cfaf31","6","800,000","512,309.93","15,369,297.84","15,369,297.84","82.0611","13.13","15.00","3.96","0.88","3.32","-1.87","9.17","No","Yes"
"0x72aa6125c2a93d0c5bbadd524718f5e4d13cd1c5","6","800,000","795,500","12,728,000","0","67.9584","10.87","15.00","3.96","0.72","2.75","-4.13","6.91","No","Yes"
"0xfdd498c312cb5aac919e830d6315290d2be190c7","5","350,000","350,000","10,747,086.16","10,726,333.5","57.3817","9.18","8.00","2.11","1.15","4.35","1.18","7.07","Yes","Yes"
"0xa3fb39949dfe8040f42378cf66dc7f90719150d9","5","350,000","350,000","10,682,557.9","10,661,934.03","57.0372","9.13","8.00","2.11","1.14","4.32","1.13","7.01","Yes","Yes"
"0xff61a30a954367758552d5fd9ce7a28369898496","5","350,000","349,000","10,513,400.44","10,499,381.68","56.1340","8.98","8.00","2.11","1.12","4.25","0.98","6.87","Yes","Yes"
"0x76da553883cd6f24fb6b3cda16d273b93a65ada8","5","350,000","350,000","10,500,000","10,500,000","56.0625","8.97","8.00","2.11","1.12","4.25","0.97","6.86","Yes","Yes"
"0x445715d1f5a737d71de630d73e3ae3fc303712bf","5","350,000","350,000","10,500,000","0","56.0625","8.97","8.00","2.11","1.12","4.25","0.97","6.86","Yes","Yes"
"0x041c60e0962f8d8791aa683cd450aec42d5ffca0","5","350,000","350,000","10,500,000","0","56.0625","8.97","8.00","2.11","1.12","4.25","0.97","6.86","Yes","Yes"
"0x8065bed17ac2686ef9c5b706bf39188e4ed19719","5","350,000","350,000","10,150,000","0","54.1937","8.67","8.00","2.11","1.08","4.11","0.67","6.56","Yes","Yes"
"0xad1be47f4f502b165af5c88cec7c5f52953aa005","5","350,000","278,500","8,415,990.13","8,401,971.18","44.9354","7.19","8.00","2.11","0.90","3.40","-0.81","5.08","No","Yes"
"0xff8c87595495750f407bb94dd35ef7db034fdb59","5","350,000","290,904.79","8,091,951.24","7,366,017.07","43.2052","6.91","8.00","2.11","0.86","3.27","-1.09","4.80","No","Yes"
"0x5c263db138be88737ad66c01428ff847861ad8f1","5","350,000","264,546.55","8,081,337.59","8,065,735.22","43.1486","6.90","8.00","2.11","0.86","3.27","-1.10","4.79","No","Yes"
"0x818cdfedc8578fef02dc0d0aeec1448a450ea467","5","350,000","252,832.14","7,584,964.26","0","40.4983","6.48","8.00","2.11","0.81","3.07","-1.52","4.37","No","Yes"
"0x19bc5de9f3f1e438bdfeea5d8cc808f1144aa194","5","350,000","251,724","7,551,720","7,551,720","40.3208","6.45","8.00","2.11","0.81","3.05","-1.55","4.34","No","Yes"
"0x1c176951b49963bbd7b5bd8a0dcdfefbe8ce0977","5","350,000","242,028.1","7,406,419.5","7,392,119.31","39.5450","6.33","8.00","2.11","0.79","3.00","-1.67","4.21","No","Yes"
"0x2d41e869993b91270fae00823622f2f9c7925ab5","5","350,000","348,553.25","6,971,064.99","0","37.2205","5.96","8.00","2.11","0.74","2.82","-2.04","3.84","No","Yes"
"0x2dba82021c355a0239e951c8c93dcf1e9b82246f","5","350,000","289,541.88","5,611,031.77","5,600,987.96","29.9589","4.79","8.00","2.11","0.60","2.27","-3.21","2.68","No","Yes"
"0x2795f97541e6b9af8213a5b491e6f20f23b8ed0b","4","150,000","150,000","4,502,102.4","4,500,900.6","24.0380","3.85","4.00","1.06","0.96","3.64","-0.15","2.79","No","Yes"
"0xd8c0d5523824994d43743f94dab72f16b306b248","4","150,000","150,000","4,500,000","0","24.0268","3.84","4.00","1.06","0.96","3.64","-0.16","2.79","No","Yes"
"0xccf81389129f506d2a278e1ace0b6fa942a6b4a4","4","150,000","150,000","4,500,000","4,500,000","24.0268","3.84","4.00","1.06","0.96","3.64","-0.16","2.79","No","Yes"
"0xc28e635715b808494187941bbb26248e1ce8e1b2","4","150,000","150,000","4,500,000","0","24.0268","3.84","4.00","1.06","0.96","3.64","-0.16","2.79","No","Yes"
"0x556e1e264994b18e166d2d8c4912d9189eb168b5","4","150,000","150,000","4,500,000","0","24.0268","3.84","4.00","1.06","0.96","3.64","-0.16","2.79","No","Yes"
"0x45de9a46375408d9acfe241e29c59ca2b1d19a22","4","150,000","150,000","4,500,000","0","24.0268","3.84","4.00","1.06","0.96","3.64","-0.16","2.79","No","Yes"
"0x126ec9c6dc8ce7f834f2302cfcf57d526add8013","4","150,000","150,000","4,500,000","4,500,000","24.0268","3.84","4.00","1.06","0.96","3.64","-0.16","2.79","No","Yes"
"0x8c9524d7756c3f87ac3a174fc93f193260a3729a","4","150,000","143,351.9","4,162,652.55","4,157,205.18","22.2256","3.56","4.00","1.06","0.89","3.37","-0.44","2.50","No","Yes"
"0x5ad4f60eead27b5036aaebfa17016aef4e79d920","4","150,000","150,000","4,050,000","0","21.6241","3.46","4.00","1.06","0.86","3.28","-0.54","2.40","No","Yes"
"0x32e6557a77724385732df7112eb7693115171d3e","4","150,000","150,000","3,900,000","0","20.8232","3.33","4.00","1.06","0.83","3.15","-0.67","2.28","No","Yes"
"0x97f46368175b980b7124e38f0af4daac008a058f","4","150,000","129,727.05","3,762,084.4","0","20.0868","3.21","4.00","1.06","0.80","3.04","-0.79","2.16","No","Yes"
"0xe1eaf4834316cc6d6c90cea7dfae52224664690c","4","150,000","150,000","3,604,500","3,600,000","19.2455","3.08","4.00","1.06","0.77","2.92","-0.92","2.02","No","Yes"
"0x34d3e737cc228aaebea03ec8e98426ee3748b30a","5","350,000","270,322.26","3,514,189.43","0","18.7633","3.00","8.00","2.11","0.38","1.42","-5.00","0.89","No","Yes"
"0x804acfdffdf8d09af6abf7b4c48ccc690a36fd29","4","150,000","140,502.36","3,372,056.63","0","18.0044","2.88","4.00","1.06","0.72","2.73","-1.12","1.82","No","Yes"
"0x1635ce4325eb96817610255fed3b39273deea95e","5","350,000","300,000.01","3,300,000.1","0","17.6196","2.82","8.00","2.11","0.35","1.33","-5.18","0.71","No","Yes"
"0xb84180c2d8ef3d07d2bf8e0a20960bd12a879c88","4","150,000","109,735","3,182,315","0","16.9913","2.72","4.00","1.06","0.68","2.57","-1.28","1.66","No","Yes"
"0xc16f48ce7c684c9f9801c536a9adaec82d22ffec","4","150,000","117,102.28","2,959,835.92","2,954,161.8","15.8034","2.53","4.00","1.06","0.63","2.39","-1.47","1.47","No","Yes"
"0xaa3c5ab4627d5114e1565d4b483a93c9b8925628","4","150,000","96,170.41","2,885,112.39","0","15.4044","2.46","4.00","1.06","0.62","2.33","-1.54","1.41","No","Yes"
"0x3dad445ebde7815fede16604f2d1e98dfa7c78f1","4","150,000","99,250.18","2,878,255.28","0","15.3678","2.46","4.00","1.06","0.61","2.33","-1.54","1.40","No","Yes"
"0x2ab9f95d1e1cf102785ea9b71c97ea9ae50ed763","4","150,000","91,000","2,736,122.33","2,732,548","14.6089","2.34","4.00","1.06","0.58","2.21","-1.66","1.28","No","Yes"
"0x83771c019a51462a3407c54345a02dc8c6a85108","4","150,000","119,911.84","2,638,060.55","0","14.0854","2.25","4.00","1.06","0.56","2.13","-1.75","1.20","No","Yes"
"0x632a8281c898ae05c33305fd5c1deccc21e2e10b","4","150,000","150,000","2,550,000","0","13.6152","2.18","4.00","1.06","0.54","2.06","-1.82","1.12","No","Yes"
"0x484464bf49f57b1a0d45621a631c8d2ee17035eb","3","60,000","60,000","1,839,326.05","1,836,014.03","9.8207","1.57","2.00","0.53","0.79","2.98","-0.43","1.04","No","Yes"
"0x0bf5f13833cb7d1c6c1399ea6c4ec8aaab4b5639","3","60,000","60,000","1,831,917.09","1,828,500.09","9.7811","1.56","2.00","0.53","0.78","2.96","-0.44","1.04","No","Yes"
"0xea11381ada3590103d756f01e1c492ffe94d9f2f","3","60,000","60,000","1,800,000","1,800,000","9.6107","1.54","2.00","0.53","0.77","2.91","-0.46","1.01","No","Yes"
"0xaa1b8e331c0177a0ec38827ea5ba015a41c3e341","3","60,000","60,000","1,800,000","0","9.6107","1.54","2.00","0.53","0.77","2.91","-0.46","1.01","No","Yes"
"0x9b29082e51e24dc8b91497cba7e5ac597b9aa7f6","3","60,000","60,000","1,800,000","0","9.6107","1.54","2.00","0.53","0.77","2.91","-0.46","1.01","No","Yes"
"0x3ae67635546101605e6e48ad74bf09c7fb4b0e78","7","1,800,000","1,800,000","1,800,000","1,800,000","9.6107","1.54","30.00","7.92","0.05","0.19","-28.46","-6.38","No","No"
"0xca54fa35a5b545c1564f9373255e29d30192f6e7","3","60,000","59,497.33","1,794,849.39","1,792,929.45","9.5832","1.53","2.00","0.53","0.77","2.90","-0.47","1.01","No","Yes"
"0xc8f8a1e764afaf012d296a60b32e0e17e1693a85","3","60,000","60,000","1,740,000","0","9.2904","1.49","2.00","0.53","0.74","2.81","-0.51","0.96","No","Yes"
"0x86a69e4fa797262e9cb539155adf1ae6681a9766","3","60,000","60,000","1,740,000","0","9.2904","1.49","2.00","0.53","0.74","2.81","-0.51","0.96","No","Yes"
"0x397fcacc9b35d464ed4ec2330d6b5172b61a5822","3","60,000","60,000","1,740,000","0","9.2904","1.49","2.00","0.53","0.74","2.81","-0.51","0.96","No","Yes"
"0x105156087fc2f383f5002465f0fdeb94da6c8a80","3","60,000","60,000","1,740,000","0","9.2904","1.49","2.00","0.53","0.74","2.81","-0.51","0.96","No","Yes"
"0xbe617e01a5cc450360a7dc27fe410557dab04769","3","60,000","60,000","1,620,360","1,620,000","8.6516","1.38","2.00","0.53","0.69","2.62","-0.62","0.86","No","Yes"
"0xb6ad6c7021bf0b3f250fb52e4b68f01cd31464e8","3","60,000","60,000","1,620,000","1,620,000","8.6496","1.38","2.00","0.53","0.69","2.62","-0.62","0.86","No","Yes"
"0xa2bff46104c5db0fceee9d11db0e5bf671d4f3bb","3","60,000","59,480","1,605,960","0","8.5747","1.37","2.00","0.53","0.69","2.60","-0.63","0.84","No","Yes"
"0x9bb72715c2a9edc1c453c076316fef90c9d462fd","3","60,000","60,000","1,528,901.87","1,526,448.98","8.1632","1.31","2.00","0.53","0.65","2.47","-0.69","0.78","No","Yes"
"0xb6f66338a50c9d8ab4e8cd516ad8aacce8b5028d","3","60,000","60,000","1,500,000","0","8.0089","1.28","2.00","0.53","0.64","2.43","-0.72","0.75","No","Yes"
"0x879ba6320c909ef3487ba6f5de7361299be78c9f","3","60,000","59,530.79","1,490,769.96","1,488,269.66","7.9596","1.27","2.00","0.53","0.64","2.41","-0.73","0.75","No","Yes"
"0x0a5dbaf976c91b12e448071316d89b215e318d70","3","60,000","52,512.05","1,480,673.19","1,477,822.56","7.9057","1.26","2.00","0.53","0.63","2.40","-0.74","0.74","No","Yes"
"0x90921efeb37a66ee59621fc196087cbf2c27618f","3","60,000","60,000","1,440,000","0","7.6886","1.23","2.00","0.53","0.62","2.33","-0.77","0.70","No","Yes"
"0xe614f620e1ad131d9ef45343548c064faeff25af","3","60,000","52,418.13","1,415,708.97","1,415,289.63","7.5589","1.21","2.00","0.53","0.60","2.29","-0.79","0.68","No","Yes"
"0xe505ca94809baf9340fe0af280ec7143d37b9ae4","3","60,000","44,535.49","1,301,932.72","1,299,511.83","6.9514","1.11","2.00","0.53","0.56","2.11","-0.89","0.58","No","Yes"
"0xab5a2d367a3ef6888caabe20c4b701badd87e58b","3","60,000","60,000","1,277,674.54","1,275,363.81","6.8219","1.09","2.00","0.53","0.55","2.07","-0.91","0.56","No","Yes"
"0x8b94627cf07aaedd57a6dea21fecf3ea533f29f1","3","60,000","36,105.12","1,105,496.84","1,102,510.91","5.9026","0.94","2.00","0.53","0.47","1.79","-1.06","0.42","No","Yes"
"0x67d6f5ad8e142f9b4907b19f680b8503c6893303","3","60,000","36,564.17","988,475.89","987,232.71","5.2778","0.84","2.00","0.53","0.42","1.60","-1.16","0.32","No","Yes"
"0x5224bfae51b4320b1207f7b059b10946ff4e9314","3","60,000","60,000","900,480","900,000","4.8079","0.77","2.00","0.53","0.38","1.46","-1.23","0.24","No","Yes"
"0x00c0118a4c8ceecc2453f2cae0e31ef35e752754","2","25,000","24,656.26","739,687.89","739,687.89","3.9494","0.63","1.00","0.26","0.63","2.39","-0.37","0.37","No","Yes"
"0xbfc246fc6cc9f0e7860c208bb6ea7c1c9003294d","2","25,000","24,184.51","738,502.65","737,173.41","3.9431","0.63","1.00","0.26","0.63","2.39","-0.37","0.37","No","Yes"
"0xb7f563b9660e4b0aa3729ba1e87d3cff0382816d","2","25,000","25,000","735,591.54","734,173.19","3.9275","0.63","1.00","0.26","0.63","2.38","-0.37","0.36","No","Yes"
"0xb847f453ec067377214f90a20826afddf0319eb2","2","25,000","24,173","701,017","0","3.7429","0.60","1.00","0.26","0.60","2.27","-0.40","0.33","No","Yes"
"0xaa5fbd4ffa50f8df3afea0ff936ee62485725554","2","25,000","25,000","700,000","0","3.7375","0.60","1.00","0.26","0.60","2.26","-0.40","0.33","No","Yes"
"0x063c2cb6aa70fcb1410f2f455f153d0664e92369","2","25,000","17,914.24","501,598.79","0","2.6782","0.43","1.00","0.26","0.43","1.62","-0.57","0.16","No","Yes"
"0x5cc65e0f2ed2997d4ff074942e4f56c20a519a1d","2","25,000","25,000","475,000","0","2.5362","0.41","1.00","0.26","0.41","1.54","-0.59","0.14","No","Yes"
"0xe3ee5c72b08c89eb79d9a3f144e3bbc63c388986","2","25,000","13,734.36","412,030.91","412,030.91","2.2000","0.35","1.00","0.26","0.35","1.33","-0.65","0.09","No","Yes"
"0xc0af8fc8d99452639201eda3adc3c997e7c6e7b7","2","25,000","18,766.78","399,470.78","398,785.81","2.1329","0.34","1.00","0.26","0.34","1.29","-0.66","0.08","No","Yes"
"0x1dad04c41f82b2cd932c2edf79e28d81bc57bc39","1","10,000","10,000","304,824.36","304,255.85","1.6275","0.26","0.50","0.13","0.52","1.97","-0.24","0.13","No","Yes"
"0x9a862c5cb00cd7bcf9e8f6b9b8506d117afaacab","2","25,000","11,674.72","303,542.67","0","1.6207","0.26","1.00","0.26","0.26","0.98","-0.74","-0.00","No","No"
"0xcdb40cfb1dff93b0904b46fe4db42d892205e1ae","1","10,000","10,000","300,480","300,000","1.6043","0.26","0.50","0.13","0.51","1.94","-0.24","0.12","No","Yes"
"0xb8423034aa5f0f4359228776275ba9e384c18a0c","1","10,000","10,000","300,000","300,000","1.6018","0.26","0.50","0.13","0.51","1.94","-0.24","0.12","No","Yes"
"0x335977b2165dabe24fa0acc284adee6bc2760e8f","1","10,000","10,000","300,000","0","1.6018","0.26","0.50","0.13","0.51","1.94","-0.24","0.12","No","Yes"
"0x160cf6551ee3d910f673af762d5a2f1bd4855be1","1","10,000","9,996.2","299,886.02","299,886.02","1.6012","0.26","0.50","0.13","0.51","1.94","-0.24","0.12","No","Yes"
"0x27a90a6825132eb88e8feaafe035658663c8944f","3","60,000","32,648.77","261,190.17","0","1.3946","0.22","2.00","0.53","0.11","0.42","-1.78","-0.30","No","No"
"0x084c058bad49a6382090cc5fdab4ab6f64c97349","1","10,000","10,000","240,000","120,000","1.2814","0.21","0.50","0.13","0.41","1.55","-0.29","0.07","No","Yes"
"0x043ed3a18e640e5cc6ec571db07fa7a440234d74","1","10,000","9,341","214,843","0","1.1471","0.18","0.50","0.13","0.37","1.39","-0.32","0.05","No","Yes"
"0xdbce6ced778e6ced746e7ede2bc1babe4de993d0","1","10,000","9,762.16","184,118.19","159,586.3","0.9831","0.16","0.50","0.13","0.31","1.19","-0.34","0.03","No","Yes"
"0xd8427794f8e9af9bc0e027eb9d4d3ee63b2491b3","0","5,000","5,000","150,350.24","150,120","0.8028","0.13","0.00","0.00","N/A","N/A","N/A","N/A","Free Tier","Free Tier"
"0x743fe0b59467e55224220ab61b69da821d09bd6e","0","5,000","5,000","150,200","150,000","0.8020","0.13","0.00","0.00","N/A","N/A","N/A","N/A","Free Tier","Free Tier"
"0xad65bba08c7fa4fd7590c052624dbd91c76fb2fe","0","5,000","5,000","150,070","150,000","0.8013","0.13","0.00","0.00","N/A","N/A","N/A","N/A","Free Tier","Free Tier"
"0xf613419a0729d256ebedf4c0f6a4601b164c4f30","0","5,000","5,000","150,000","0","0.8009","0.13","0.00","0.00","N/A","N/A","N/A","N/A","Free Tier","Free Tier"
"0xf5b66164ea2b41cd831fd90a34a53a2c19f1ed8f","0","5,000","5,000","150,000","0","0.8009","0.13","0.00","0.00","N/A","N/A","N/A","N/A","Free Tier","Free Tier"
"0xdc23d96c2288d2e8ec71a098469c63a688b1b916","0","5,000","5,000","150,000","0","0.8009","0.13","0.00","0.00","N/A","N/A","N/A","N/A","Free Tier","Free Tier"
"0xce833bb28d15455af31af5a30c4626bf2939e389","0","5,000","5,000","150,000","150,000","0.8009","0.13","0.00","0.00","N/A","N/A","N/A","N/A","Free Tier","Free Tier"
"0xb72ad48aa021c977c9b6473002d2e07701629e66","0","5,000","5,000","150,000","150,000","0.8009","0.13","0.00","0.00","N/A","N/A","N/A","N/A","Free Tier","Free Tier"
"0xb264e63d5c3dc94a1fde625acff2d8b2ba684b8a","0","5,000","5,000","150,000","0","0.8009","0.13","0.00","0.00","N/A","N/A","N/A","N/A","Free Tier","Free Tier"
"0x9de1925269f2c68a2a570647ecb170fc245db448","0","5,000","5,000","150,000","0","0.8009","0.13","0.00","0.00","N/A","N/A","N/A","N/A","Free Tier","Free Tier"
"0x8814391f0ecd57dc32166e42abfcbfb92db4b04a","0","5,000","5,000","150,000","0","0.8009","0.13","0.00","0.00","N/A","N/A","N/A","N/A","Free Tier","Free Tier"
"0x77f62b2dd47520f0e29663c8f208a40682202936","0","5,000","5,000","150,000","150,000","0.8009","0.13","0.00","0.00","N/A","N/A","N/A","N/A","Free Tier","Free Tier"
"0x69ee2db83fe529e1f3b684ace265dc9e8f3cda89","0","5,000","5,000","150,000","0","0.8009","0.13","0.00","0.00","N/A","N/A","N/A","N/A","Free Tier","Free Tier"
"0x28d1c97a2c7e3e0698a06a814a4a9e1047cfc253","0","5,000","5,000","150,000","0","0.8009","0.13","0.00","0.00","N/A","N/A","N/A","N/A","Free Tier","Free Tier"
"0x0dcaa84602bdc605eaf5667f784266d20a7f91f2","0","5,000","5,000","150,000","0","0.8009","0.13","0.00","0.00","N/A","N/A","N/A","N/A","Free Tier","Free Tier"
"0x0bb4b0bf8d1dd7621f493f1a68ad0887d4e5b478","0","5,000","5,000","150,000","0","0.8009","0.13","0.00","0.00","N/A","N/A","N/A","N/A","Free Tier","Free Tier"
"0x6bbe2a84895ca675b2bf8d3633e25118c12ef912","0","5,000","5,000","145,110","145,000","0.7748","0.12","0.00","0.00","N/A","N/A","N/A","N/A","Free Tier","Free Tier"
"0xb555009df0dd3ba8e5c9ae74018dc16f3a14ecf3","0","5,000","5,000","145,000","0","0.7742","0.12","0.00","0.00","N/A","N/A","N/A","N/A","Free Tier","Free Tier"
"0x9c4b88fbe06b6b1e461d9d294ecb7fb0c841db4f","0","5,000","5,000","145,000","0","0.7742","0.12","0.00","0.00","N/A","N/A","N/A","N/A","Free Tier","Free Tier"
"0x93fe43db40c997ae784143f060032db16293d93f","0","5,000","5,000","145,000","0","0.7742","0.12","0.00","0.00","N/A","N/A","N/A","N/A","Free Tier","Free Tier"
"0x6713ea196a67ddf7e698e0cbe9225b3649cd7431","0","5,000","5,000","145,000","0","0.7742","0.12","0.00","0.00","N/A","N/A","N/A","N/A","Free Tier","Free Tier"
"0xa61b22be6d93b2ddc184861a0d780acf7d4abaa3","0","5,000","5,000","135,000","243,001.78","0.7208","0.12","0.00","0.00","N/A","N/A","N/A","N/A","Free Tier","Free Tier"
"0x1e050ca02787ab13d2006c9f06801789546a9eda","0","5,000","5,000","135,000","0","0.7208","0.12","0.00","0.00","N/A","N/A","N/A","N/A","Free Tier","Free Tier"
"0x68cb5757bcde51b25b936abcd4c4b02a6cfc2b2a","0","5,000","4,902","132,354","0","0.7067","0.11","0.00","0.00","N/A","N/A","N/A","N/A","Free Tier","Free Tier"
"0x3a50759e226d96f01d11e866e783553367f7ae66","0","5,000","5,000","130,000","0","0.6941","0.11","0.00","0.00","N/A","N/A","N/A","N/A","Free Tier","Free Tier"
"0x3208ca0f0d105082e0d7ba0d5a6158b0b190e08d","0","5,000","5,000","130,000","0","0.6941","0.11","0.00","0.00","N/A","N/A","N/A","N/A","Free Tier","Free Tier"
"0xd00ca4dea8adac3925e7695efd7015aafea898c8","0","5,000","4,392","128,915.51","128,675.72","0.6883","0.11","0.00","0.00","N/A","N/A","N/A","N/A","Free Tier","Free Tier"
"0xe470c6e98382b5e1337c424e2f29eb44194c18dc","0","5,000","5,000","125,000","0","0.6674","0.11","0.00","0.00","N/A","N/A","N/A","N/A","Free Tier","Free Tier"
"0xb06ee8f2b79d179ae004c2437614d56defba6eb8","0","5,000","5,000","125,000","0","0.6674","0.11","0.00","0.00","N/A","N/A","N/A","N/A","Free Tier","Free Tier"
"0x190a184701a3ab4d50375f3f443a205a4e147949","0","5,000","5,000","125,000","0","0.6674","0.11","0.00","0.00","N/A","N/A","N/A","N/A","Free Tier","Free Tier"
"0x1b444446ec828a5cdc8f4c2ab92a9a0df2095fae","0","5,000","5,000","120,020","120,000","0.6408","0.10","0.00","0.00","N/A","N/A","N/A","N/A","Free Tier","Free Tier"
"0xe832d1f23bcc355cfadc5950c3edcc210d91fa45","0","5,000","3,777.58","113,327.45","0","0.6051","0.10","0.00","0.00","N/A","N/A","N/A","N/A","Free Tier","Free Tier"
"0xff22a35a25865cc60f22adbf79acb3f42adee6b1","0","5,000","3,750.15","112,631.9","112,504.39","0.6014","0.10","0.00","0.00","N/A","N/A","N/A","N/A","Free Tier","Free Tier"
"0x0ff6a7857a3f91c75f4cf2f33c4eb0ba0f27640c","0","5,000","4,000.07","108,001.78","243,001.78","0.5767","0.09","0.00","0.00","N/A","N/A","N/A","N/A","Free Tier","Free Tier"
"0x8932afc812520dacfdcca38f037b6e80958f9e9a","0","5,000","5,000","105,000","0","0.5606","0.09","0.00","0.00","N/A","N/A","N/A","N/A","Free Tier","Free Tier"
"0x877e7fdaa8d76d20c41762d063c3b7947dac76bd","0","5,000","4,047.63","101,190.77","0","0.5403","0.09","0.00","0.00","N/A","N/A","N/A","N/A","Free Tier","Free Tier"
"0x6d2c1e7a5325e1cffa2c2c52136f3ca206d5669e","0","5,000","5,000","100,000","0","0.5339","0.09","0.00","0.00","N/A","N/A","N/A","N/A","Free Tier","Free Tier"
"0xc0805e89313fe3251072016bb8d1c02a38aa5632","0","5,000","5,000","95,000","0","0.5072","0.08","0.00","0.00","N/A","N/A","N/A","N/A","Free Tier","Free Tier"
"0x40f91043ea8bc25c5d35123d11203b8be9dc65bf","0","5,000","5,000","90,010","90,000","0.4806","0.08","0.00","0.00","N/A","N/A","N/A","N/A","Free Tier","Free Tier"
"0x300f00437198cbe0f841c7db55a1fe970b6a5319","0","5,000","5,000","90,000","0","0.4805","0.08","0.00","0.00","N/A","N/A","N/A","N/A","Free Tier","Free Tier"
"0x659ebb7a0813ad2107592b3ec67be500e2792992","0","5,000","3,080.64","86,258.05","0","0.4606","0.07","0.00","0.00","N/A","N/A","N/A","N/A","Free Tier","Free Tier"
"0xeceb3bc3d347dd3a41a0c90223e9fe3952674d28","0","5,000","2,873.48","86,204.28","86,204.28","0.4603","0.07","0.00","0.00","N/A","N/A","N/A","N/A","Free Tier","Free Tier"
"0x8c9e5391866e6e05d2d884e7970f0f0793277880","0","5,000","2,999","83,972","0","0.4484","0.07","0.00","0.00","N/A","N/A","N/A","N/A","Free Tier","Free Tier"
"0x2fd934f9920c9d2fab006e4ea9cb8357aefde3f0","0","5,000","3,065","80,411.05","80,256.67","0.4293","0.07","0.00","0.00","N/A","N/A","N/A","N/A","Free Tier","Free Tier"
"0xf6878bc768d664afdf815898d1f908be54eedc52","0","5,000","5,000","80,000","0","0.4271","0.07","0.00","0.00","N/A","N/A","N/A","N/A","Free Tier","Free Tier"
"0xcc57971374fcdf76a73341a54996c4a6f8dde1c9","0","5,000","5,000","80,000","0","0.4271","0.07","0.00","0.00","N/A","N/A","N/A","N/A","Free Tier","Free Tier"
"0x08da821717d3a2436fbb56e1de9c421c001a9648","0","5,000","5,000","80,000","0","0.4271","0.07","0.00","0.00","N/A","N/A","N/A","N/A","Free Tier","Free Tier"
"0x03dae2b6ec973a97db36486c51914ddc8efe9048","0","5,000","5,000","80,000","0","0.4271","0.07","0.00","0.00","N/A","N/A","N/A","N/A","Free Tier","Free Tier"
"0x1b1e4349d2af614904ee0ffafe19f95a45cdeb35","0","5,000","5,000","75,000","0","0.4004","0.06","0.00","0.00","N/A","N/A","N/A","N/A","Free Tier","Free Tier"
"0x3bc28cc96c8ae2eec361bc5e01c01e75f2c7b3d5","0","5,000","2,670.05","73,491.82","0","0.3924","0.06","0.00","0.00","N/A","N/A","N/A","N/A","Free Tier","Free Tier"
"0xb4b107638cf0df8afb87e34ca31adfcb9f399e3d","0","5,000","2,432.91","72,987.16","72,987.16","0.3897","0.06","0.00","0.00","N/A","N/A","N/A","N/A","Free Tier","Free Tier"
"0x1f1cfe5e8afd4106632548a9e67401ac28572e05","0","5,000","2,394.75","71,842.4","0","0.3836","0.06","0.00","0.00","N/A","N/A","N/A","N/A","Free Tier","Free Tier"
"0xf0d7dffe65576d4328bd9eea58869d0387b0c005","0","5,000","1,963.12","58,893.66","0","0.3144","0.05","0.00","0.00","N/A","N/A","N/A","N/A","Free Tier","Free Tier"
"0x2a95913741cc5a3e812d9ec0c861d86e568ec284","0","5,000","1,885.3","52,788.4","0","0.2819","0.05","0.00","0.00","N/A","N/A","N/A","N/A","Free Tier","Free Tier"
"0x85b5a8344a1724cd534328e4006bfd517daeb503","0","5,000","5,000","45,000","45,000","0.2403","0.04","0.00","0.00","N/A","N/A","N/A","N/A","Free Tier","Free Tier"
"0x7fbfba8204c9c15d66fe1429a072752081a23ed7","0","5,000","5,000","45,000","45,000","0.2403","0.04","0.00","0.00","N/A","N/A","N/A","N/A","Free Tier","Free Tier"
"0xc67fbb1fd4dc8bccb340fde1737230e6d84a974d","0","5,000","5,000","30,060","110,060","0.1605","0.03","0.00","0.00","N/A","N/A","N/A","N/A","Free Tier","Free Tier"
"0x71e15cbb415ead455c86e5a11b07e5ec54512fb6","0","5,000","953.77","28,612.99","28,612.99","0.1528","0.02","0.00","0.00","N/A","N/A","N/A","N/A","Free Tier","Free Tier"
"0x43ae7aa991b61d4b6ae9b175f00c3c0abbb08f45","0","5,000","1,427","28,540","0","0.1524","0.02","0.00","0.00","N/A","N/A","N/A","N/A","Free Tier","Free Tier"
"0x0bd5d4c398f7a58741f3befceec6b84730ec3b3e","0","5,000","5,000","25,020","25,000","0.1336","0.02","0.00","0.00","N/A","N/A","N/A","N/A","Free Tier","Free Tier"
"0xfc030e7d6edf79f19e722dee7fe83e9ffac9ce54","0","5,000","740.46","22,652.04","22,612.74","0.1209","0.02","0.00","0.00","N/A","N/A","N/A","N/A","Free Tier","Free Tier"
"0xfcc46b36098f6d2490097b0c6f0ac5c97b212d5e","0","5,000","0","0","0","0.0000","0.00","0.00","0.00","N/A","N/A","N/A","N/A","Free Tier","Free Tier"
"0xf78dad600e80716805bab5db735d9ff3ca966733","0","5,000","0","0","24,000,000","0.0000","0.00","0.00","0.00","N/A","N/A","N/A","N/A","Free Tier","Free Tier"
"0xf661459c9dc544a674104b3322957fb198907e0d","0","5,000","0","0","24,000,000","0.0000","0.00","0.00","0.00","N/A","N/A","N/A","N/A","Free Tier","Free Tier"
"0xf338cc8098cb0f0b0b35ffc8aeeaf86fdecedbb7","0","5,000","0","0","216,005,077.82","0.0000","0.00","0.00","0.00","N/A","N/A","N/A","N/A","Free Tier","Free Tier"
"0xede1b3fa24cd09be8263d8c6ab145234457b0982","0","5,000","0","0","0","0.0000","0.00","0.00","0.00","N/A","N/A","N/A","N/A","Free Tier","Free Tier"
"0xedcba6be63ef49ea9422eaa82a94949e06754252","0","5,000","0","0","24,020,806.4","0.0000","0.00","0.00","0.00","N/A","N/A","N/A","N/A","Free Tier","Free Tier"
"0xebd2ad98fcc53ee0c4e72adb4ea336a42fc250de","0","5,000","0","0","110,060","0.0000","0.00","0.00","0.00","N/A","N/A","N/A","N/A","Free Tier","Free Tier"
"0xebbdc7ea2019adc3fe4326d88c597c0f093ce784","0","5,000","0","0","0","0.0000","0.00","0.00","0.00","N/A","N/A","N/A","N/A","Free Tier","Free Tier"
"0xe88c3ff1db5aa8b329e40a3f28257ba5eb69007d","0","5,000","0","0","1,299,511.83","0.0000","0.00","0.00","0.00","N/A","N/A","N/A","N/A","Free Tier","Free Tier"
"0xe81e09df966dd3a62e7bdf5a0e4b5bdb5603af35","0","5,000","0","0","8,065,735.22","0.0000","0.00","0.00","0.00","N/A","N/A","N/A","N/A","Free Tier","Free Tier"
"0xe53543563ff3df5b8399ef4d6eccf2b10b35ef82","0","5,000","0","0","24,020,806.4","0.0000","0.00","0.00","0.00","N/A","N/A","N/A","N/A","Free Tier","Free Tier"
"0xe3e863c282e3f1593796587301f14298e839466a","0","5,000","0","0","25,000","0.0000","0.00","0.00","0.00","N/A","N/A","N/A","N/A","Free Tier","Free Tier"
"0xe08e95f51e5f8eeaeb1ee6065ae2c16884943e12","0","5,000","0","0","7,366,017.07","0.0000","0.00","0.00","0.00","N/A","N/A","N/A","N/A","Free Tier","Free Tier"
"0xe05e8c7e51478553878c2d7332de50e9e4f7286f","0","5,000","0","0","1,800,000","0.0000","0.00","0.00","0.00","N/A","N/A","N/A","N/A","Free Tier","Free Tier"
"0xda4f874ece4f3910a4fdccde7fb649bea50c6291","0","5,000","0","0","7,366,017.07","0.0000","0.00","0.00","0.00","N/A","N/A","N/A","N/A","Free Tier","Free Tier"
"0xd65cdb4051ad040e31ab2d4dbac6265f0fc2ee9b","0","5,000","0","0","23,617,453.74","0.0000","0.00","0.00","0.00","N/A","N/A","N/A","N/A","Free Tier","Free Tier"
"0xd62d21d619b082b47bcb875603f06f121f00c941","0","5,000","0","0","0","0.0000","0.00","0.00","0.00","N/A","N/A","N/A","N/A","Free Tier","Free Tier"
"0xca3be6c4b9336038dc01bf317c1288fc13edbdaa","0","5,000","0","0","8,065,735.22","0.0000","0.00","0.00","0.00","N/A","N/A","N/A","N/A","Free Tier","Free Tier"
"0xc213ae792bc642cb8526aad91c7586e086b84eb5","0","5,000","0","0","7,366,017.07","0.0000","0.00","0.00","0.00","N/A","N/A","N/A","N/A","Free Tier","Free Tier"
"0xbe5d979c964e5d7d6f9786ceb697216953a7ffe8","0","5,000","0","0","8,065,735.22","0.0000","0.00","0.00","0.00","N/A","N/A","N/A","N/A","Free Tier","Free Tier"
"0xbe2aa3a87356f431de0a26f52dbd25b513bdd763","0","5,000","0","0","24,000,000","0.0000","0.00","0.00","0.00","N/A","N/A","N/A","N/A","Free Tier","Free Tier"
"0xbcf507bf620c3bd65874feaa4400cd924e432a14","0","5,000","0","0","739,687.89","0.0000","0.00","0.00","0.00","N/A","N/A","N/A","N/A","Free Tier","Free Tier"
"0xb7faca3585241e899f3c96668bee199617b39332","0","5,000","0","0","0","0.0000","0.00","0.00","0.00","N/A","N/A","N/A","N/A","Free Tier","Free Tier"
"0xb4a280b84381c864b5c60bfbfd426fc53852be96","0","5,000","0","0","7,366,017.07","0.0000","0.00","0.00","0.00","N/A","N/A","N/A","N/A","Free Tier","Free Tier"
"0xb0933e8b1d0559149b5edd8cb58e6e7bdbf6a15d","0","5,000","0","0","150,000","0.0000","0.00","0.00","0.00","N/A","N/A","N/A","N/A","Free Tier","Free Tier"
"0xaf06b9c4cd3ff54de97bbeaf336fed0c47796c2c","0","5,000","0","0","0","0.0000","0.00","0.00","0.00","N/A","N/A","N/A","N/A","Free Tier","Free Tier"
"0xaed7ec9b3e4e5f21ec5b44c7c1edb15f7be9bbea","0","5,000","0","0","24,000,000","0.0000","0.00","0.00","0.00","N/A","N/A","N/A","N/A","Free Tier","Free Tier"
"0xacbf3bb1efd82640c43f93df145aa64f2b86f667","0","5,000","0","0","7,366,017.07","0.0000","0.00","0.00","0.00","N/A","N/A","N/A","N/A","Free Tier","Free Tier"
"0xabdb06ac1bbd963097df3630b042a9a067feb976","0","5,000","0","0","211,462,432.6","0.0000","0.00","0.00","0.00","N/A","N/A","N/A","N/A","Free Tier","Free Tier"
"0xaaf907387e561fbe0e36cce58ed602b2abc5b8cf","0","5,000","0","0","24,000,000","0.0000","0.00","0.00","0.00","N/A","N/A","N/A","N/A","Free Tier","Free Tier"
"0xaabcfd19a71ea44c639a988ad3357e4f4e5fc779","0","5,000","0","0","0","0.0000","0.00","0.00","0.00","N/A","N/A","N/A","N/A","Free Tier","Free Tier"
"0x984becaf762a006552706f5cf0f58cce09675b70","0","5,000","0","0","135,117,000","0.0000","0.00","0.00","0.00","N/A","N/A","N/A","N/A","Free Tier","Free Tier"
"0x94c740f171592fcc0b152d90a177bec88e541974","0","5,000","0","0","0","0.0000","0.00","0.00","0.00","N/A","N/A","N/A","N/A","Free Tier","Free Tier"
"0x9418d21ce57ea6f2afb8429e640ce79830a04948","0","5,000","0","0","24,000,000","0.0000","0.00","0.00","0.00","N/A","N/A","N/A","N/A","Free Tier","Free Tier"
"0x91c0762fe463fc72b0464e0b859ef639e801991a","0","5,000","0","0","0","0.0000","0.00","0.00","0.00","N/A","N/A","N/A","N/A","Free Tier","Free Tier"
"0x904e60863ed6e4fc2fb4e26d9f3fe4079381d689","0","5,000","0","0","7,366,017.07","0.0000","0.00","0.00","0.00","N/A","N/A","N/A","N/A","Free Tier","Free Tier"
"0x8c39df93724f9057f083434e8b954370c7a830ed","0","5,000","0","0","0","0.0000","0.00","0.00","0.00","N/A","N/A","N/A","N/A","Free Tier","Free Tier"
"0x8a79dc25fbaf8643c22d961448fd76833b5e81a4","0","5,000","0","0","7,366,017.07","0.0000","0.00","0.00","0.00","N/A","N/A","N/A","N/A","Free Tier","Free Tier"
"0x8a65e11fe169386718e1979043fc3a5126c8949a","0","5,000","0","0","7,366,017.07","0.0000","0.00","0.00","0.00","N/A","N/A","N/A","N/A","Free Tier","Free Tier"
"0x86bb239d7f94cadf707f9ac52e932aa42371111b","0","5,000","0","0","1,620,000","0.0000","0.00","0.00","0.00","N/A","N/A","N/A","N/A","Free Tier","Free Tier"
"0x864ea716df37cb55823681d04cf3332a851d54e0","0","5,000","0","0","24,020,806.4","0.0000","0.00","0.00","0.00","N/A","N/A","N/A","N/A","Free Tier","Free Tier"
"0x86246bdca1750f0b2bbfe8b24da1ecb40d87fc66","0","5,000","0","0","211,462,432.6","0.0000","0.00","0.00","0.00","N/A","N/A","N/A","N/A","Free Tier","Free Tier"
"0x83f3df36610f3a07304d246d197c5036ec11239b","0","5,000","0","0","299,886.02","0.0000","0.00","0.00","0.00","N/A","N/A","N/A","N/A","Free Tier","Free Tier"
"0x80f7e693fc2920998b10571b420d8b9845b0afe4","0","5,000","0","0","24,000,000","0.0000","0.00","0.00","0.00","N/A","N/A","N/A","N/A","Free Tier","Free Tier"
"0x7942fe304321342371c1d9b7da3ede4f292ca658","0","5,000","0","0","50,400,000","0.0000","0.00","0.00","0.00","N/A","N/A","N/A","N/A","Free Tier","Free Tier"
"0x776819a6a003b208093ca944b34221ae59237d57","0","5,000","0","0","1,800,000","0.0000","0.00","0.00","0.00","N/A","N/A","N/A","N/A","Free Tier","Free Tier"
"0x75a81fb04136ae22cc1dea7ef010d6e94dafcdf7","0","5,000","0","0","24,000,000","0.0000","0.00","0.00","0.00","N/A","N/A","N/A","N/A","Free Tier","Free Tier"
"0x73bbdd988d9efa1043747b799e5119f0f79679e0","0","5,000","0","0","211,462,432.6","0.0000","0.00","0.00","0.00","N/A","N/A","N/A","N/A","Free Tier","Free Tier"
"0x6e8c3d389b30c522669548dd5c60aa26436442ac","0","5,000","0","0","7,366,017.07","0.0000","0.00","0.00","0.00","N/A","N/A","N/A","N/A","Free Tier","Free Tier"
"0x6a296ef4c5e716fd2bcaaff9041cc3e2ca54efec","0","5,000","0","0","0","0.0000","0.00","0.00","0.00","N/A","N/A","N/A","N/A","Free Tier","Free Tier"
"0x6a26fe32cbc9c782fcfd33b5a5998d0631927a1d","0","5,000","0","0","0","0.0000","0.00","0.00","0.00","N/A","N/A","N/A","N/A","Free Tier","Free Tier"
"0x695a078d7015986a14e0b29959b3c0777aea7a6d","0","5,000","0","0","8,065,735.22","0.0000","0.00","0.00","0.00","N/A","N/A","N/A","N/A","Free Tier","Free Tier"
"0x68d27176a5a747b91854cb7e32313f958a814a4d","0","5,000","0","0","10,661,934.03","0.0000","0.00","0.00","0.00","N/A","N/A","N/A","N/A","Free Tier","Free Tier"
"0x64284e30d519df74104341231728eeff17be2144","0","5,000","0","0","1,620,000","0.0000","0.00","0.00","0.00","N/A","N/A","N/A","N/A","Free Tier","Free Tier"
"0x61f0420c8e792b28c61eb67dccad2defa5ba11a3","0","5,000","0","0","24,000,000","0.0000","0.00","0.00","0.00","N/A","N/A","N/A","N/A","Free Tier","Free Tier"
"0x5e57624bf4f9041445911e8f5497b4eabad02a24","0","5,000","0","0","0","0.0000","0.00","0.00","0.00","N/A","N/A","N/A","N/A","Free Tier","Free Tier"
"0x5e32d78031752af2b9b2ae6bebd4aa5ec1d2156a","0","5,000","0","0","8,065,735.22","0.0000","0.00","0.00","0.00","N/A","N/A","N/A","N/A","Free Tier","Free Tier"
"0x5d79bf0111f178b7ca050ded0608e6693a45e8c5","0","5,000","0","0","1,800,000","0.0000","0.00","0.00","0.00","N/A","N/A","N/A","N/A","Free Tier","Free Tier"
"0x58da399155cb7b41da4a2df9315c776790fee951","0","5,000","0","0","24,000,000","0.0000","0.00","0.00","0.00","N/A","N/A","N/A","N/A","Free Tier","Free Tier"
"0x57db0ea93e1007de9758f05b99fa8f02f62b3230","0","5,000","0","0","24,000,000","0.0000","0.00","0.00","0.00","N/A","N/A","N/A","N/A","Free Tier","Free Tier"
"0x57c0d8652b1055791563ba3ea341a31524bd84c3","0","5,000","0","0","0","0.0000","0.00","0.00","0.00","N/A","N/A","N/A","N/A","Free Tier","Free Tier"
"0x56054523262f089b0ec202adfe63fee5a9bac5b8","0","5,000","0","0","0","0.0000","0.00","0.00","0.00","N/A","N/A","N/A","N/A","Free Tier","Free Tier"
"0x4fe70543947325393966e9f69847db40debbc4ec","0","5,000","0","0","150,000","0.0000","0.00","0.00","0.00","N/A","N/A","N/A","N/A","Free Tier","Free Tier"
"0x4b3b72e6cb646711a5744e8383a619114ec44f90","0","5,000","0","0","0","0.0000","0.00","0.00","0.00","N/A","N/A","N/A","N/A","Free Tier","Free Tier"
"0x4987b10eea5e453a9e9daec805f42f60ad38b0ce","0","5,000","0","0","23,617,453.74","0.0000","0.00","0.00","0.00","N/A","N/A","N/A","N/A","Free Tier","Free Tier"
"0x48f8dc61316a7569bdce0d14a94884a27cd803e4","0","5,000","0","0","0","0.0000","0.00","0.00","0.00","N/A","N/A","N/A","N/A","Free Tier","Free Tier"
"0x46973d7f1d38938211c296ff818070ff8c1b57a6","0","5,000","0","0","2,954,161.8","0.0000","0.00","0.00","0.00","N/A","N/A","N/A","N/A","Free Tier","Free Tier"
"0x45b09f568a5333283ccabda649bd9a0ee53050a4","0","5,000","0","0","0","0.0000","0.00","0.00","0.00","N/A","N/A","N/A","N/A","Free Tier","Free Tier"
"0x4404f908e7ae121fca7a9ea9db6902d5e8624f07","0","5,000","0","0","234,606,938.3","0.0000","0.00","0.00","0.00","N/A","N/A","N/A","N/A","Free Tier","Free Tier"
"0x44021db3162e5baac4637ae1520077473e25bd92","0","5,000","0","0","24,020,806.4","0.0000","0.00","0.00","0.00","N/A","N/A","N/A","N/A","Free Tier","Free Tier"
"0x429c712d9aa50a93a07377e3aef081e9ef343312","0","5,000","0","0","7,392,119.31","0.0000","0.00","0.00","0.00","N/A","N/A","N/A","N/A","Free Tier","Free Tier"
"0x4233b033fc4348d14e9e81cd3d8f95ac51b0fcef","0","5,000","0","0","0","0.0000","0.00","0.00","0.00","N/A","N/A","N/A","N/A","Free Tier","Free Tier"
"0x4095266532479952aaf9f31b247a44e6ed65ac26","0","5,000","0","0","0","0.0000","0.00","0.00","0.00","N/A","N/A","N/A","N/A","Free Tier","Free Tier"
"0x3d1dedd0c9e64c82192f5eb4a17d03ac31738d88","0","5,000","0","0","7,366,017.07","0.0000","0.00","0.00","0.00","N/A","N/A","N/A","N/A","Free Tier","Free Tier"
"0x3d0145bdc675fe89a1bc50ecb55c6be237568b70","0","5,000","0","0","8,065,735.22","0.0000","0.00","0.00","0.00","N/A","N/A","N/A","N/A","Free Tier","Free Tier"
"0x34182508cb615a917f2ae185147b8125fbf54220","0","5,000","0","0","7,366,017.07","0.0000","0.00","0.00","0.00","N/A","N/A","N/A","N/A","Free Tier","Free Tier"
"0x26d1b321729b6c021823e130d005f0f3bc9174ef","0","5,000","0","0","7,366,017.07","0.0000","0.00","0.00","0.00","N/A","N/A","N/A","N/A","Free Tier","Free Tier"
"0x259f381b0d3e0cc60f9a83a8b6e973df36d80879","0","5,000","0","0","24,000,000","0.0000","0.00","0.00","0.00","N/A","N/A","N/A","N/A","Free Tier","Free Tier"
"0x1f4d5640f1b571a1136b48422ede81d00e5455c8","0","5,000","0","0","150,000","0.0000","0.00","0.00","0.00","N/A","N/A","N/A","N/A","Free Tier","Free Tier"
"0x1e2c2fd904276d2d56f485f47bcbe37898afafd0","0","5,000","0","0","24,655,918.85","0.0000","0.00","0.00","0.00","N/A","N/A","N/A","N/A","Free Tier","Free Tier"
"0x1dbf4ce8fc3874aa6143dcbe0ef6a0fc23e5a44f","0","5,000","0","0","24,000,000","0.0000","0.00","0.00","0.00","N/A","N/A","N/A","N/A","Free Tier","Free Tier"
"0x1bf2402db06b87513fa69cfd6ff16d970db4a62e","0","5,000","0","0","0","0.0000","0.00","0.00","0.00","N/A","N/A","N/A","N/A","Free Tier","Free Tier"
"0x1bc719bca17f90944d420a7de9c85d2ca13d69d3","0","5,000","0","0","24,000,000","0.0000","0.00","0.00","0.00","N/A","N/A","N/A","N/A","Free Tier","Free Tier"
"0x19dead03929743c097016fb3d2c24924d842e6ed","0","5,000","0","0","21,132,960","0.0000","0.00","0.00","0.00","N/A","N/A","N/A","N/A","Free Tier","Free Tier"
"0x17650afea949f40f9abe05470e17d2d003377b37","0","5,000","0","0","7,366,017.07","0.0000","0.00","0.00","0.00","N/A","N/A","N/A","N/A","Free Tier","Free Tier"
"0x163f6e3592fde1798c386692a918d87181ec0f7a","0","5,000","0","0","0","0.0000","0.00","0.00","0.00","N/A","N/A","N/A","N/A","Free Tier","Free Tier"
"0x106299331ab5f33a1d862b7b2be7f3f824dcbccd","0","5,000","0","0","8,065,735.22","0.0000","0.00","0.00","0.00","N/A","N/A","N/A","N/A","Free Tier","Free Tier"
"0x0efc56448f39d84fd85e631dcc40fedac152c2d3","0","5,000","0","0","0","0.0000","0.00","0.00","0.00","N/A","N/A","N/A","N/A","Free Tier","Free Tier"
"0x0d1972fd5de4178b73571cd56c480ed4b7890020","0","5,000","0","0","0","0.0000","0.00","0.00","0.00","N/A","N/A","N/A","N/A","Free Tier","Free Tier"
"0x0b3f35d92fcf68e560e43dfce5b5309b8f9291c4","0","5,000","0","0","7,366,017.07","0.0000","0.00","0.00","0.00","N/A","N/A","N/A","N/A","Free Tier","Free Tier"
"0x0a386a16a851d476d1f6336d429f850f943a77c3","0","5,000","0","0","24,000,000","0.0000","0.00","0.00","0.00","N/A","N/A","N/A","N/A","Free Tier","Free Tier"
"0x060f729a9d7471956d2516dc8cfed6589d4c6b32","0","5,000","0","0","1,620,000","0.0000","0.00","0.00","0.00","N/A","N/A","N/A","N/A","Free Tier","Free Tier"
"0x0577f8438448a38db0e5b0abf49d1b8f3fd65c32","0","5,000","0","0","7,366,017.07","0.0000","0.00","0.00","0.00","N/A","N/A","N/A","N/A","Free Tier","Free Tier"
"0x04ac91676d54c44f63270f872583a24660a5f566","0","5,000","0","0","159,586.3","0.0000","0.00","0.00","0.00","N/A","N/A","N/A","N/A","Free Tier","Free Tier"

"SUMMARY STATISTICS"

"Metric","Value"
"Season","30"
"VAPE Price at Season","$0.1600"
"Reference VAPE Price (Original Fee Design)","$0.6060"
"Price Multiplier","0.2640"

"Total Users","267"
"Users with Paid Pass (Tier 1+)","112"
"Users on Free Tier (Tier 0)","155"

"Total Original Fees Collected","$1305.00"
"Total Dynamic Fees (Proposed)","$344.55"
"Fee Reduction","73.6%"

"Total VAPE Value Distributed","$2123.44"

"PROFITABILITY ANALYSIS (Paid Pass Users Only)"
"Original Pricing - Profitable Users","33 / 112 (29.5%)"
"Dynamic Pricing - Profitable Users","109 / 112 (97.3%)"
"Improvement","+76 users (+67.9%)"

"Average Original ROI","1.63x"
"Average Dynamic ROI","6.16x"

"PRICING MODEL"
"Formula","Dynamic Fee = Original Fee × (Current VAPE Price / Reference VAPE Price)"
"Example (Tier 10)","$100 × ($0.16 / $0.606) = $26.40"

"TIER FEE COMPARISON"
"Tier","Deposit Limit","Original Fee","Dynamic Fee","Reduction"
"0","5,000 VPND","$0.00","$0.00","N/A"
"1","10,000 VPND","$0.50","$0.13","74%"
"2","25,000 VPND","$1.00","$0.26","74%"
"3","60,000 VPND","$2.00","$0.53","74%"
"4","150,000 VPND","$4.00","$1.06","74%"
"5","350,000 VPND","$8.00","$2.11","74%"
"6","800,000 VPND","$15.00","$3.96","74%"
"7","1,800,000 VPND","$30.00","$7.92","74%"
"8","4,500,000 VPND","$50.00","$13.20","74%"
"9","12,000,000 VPND","$75.00","$19.80","74%"
"10","Unlimited VPND","$100.00","$26.40","74%"